question_id,question,answer,p_yes,p_no,confidence,collateral_amount,l0_start,l1_start,l0_end,l1_end
20,"Title 20",no,0.32501656963725933,0.6749834303627407,0.8,237291064010715360,7790834981644233728,6289441390486066176,8053792557597813472,6084090153746785280
11,"Title 11",no,0.32501656963725933,0.6749834303627407,0.8,207507423252475424,8100035237646221312,6049356399372756992,8340287470222355104,5875097252336512000
5,"Title 5",no,0.32501656963725933,0.6749834303627407,0.8,191386535316339744,8263810620031015936,5929467923820365824,8490579565894703488,5771101915919278080
37,"Title 37",no,0.6749834303627407,0.32501656963725933,0.8,399642460396294016,8340803845760637952,5874733527620976640,7888097783704631296,6211890539849169920
4,"Title 4",no,0.6749834303627407,0.32501656963725933,0.8,408303717661433088,8512953316229938176,5755934301505159168,8039773321845083136,6094699195916480448
36,"Title 36",no,0.6749834303627407,0.32501656963725933,0.8,411727350602071744,8584261825207214080,5708120394943475712,8102594105023819776,6047445961734492416
3,"Title 3",no,0.32501656963725933,0.6749834303627407,0.8,157714011940121088,8598859870757257216,5698429877504774144,8794732606299768992,5571516746842391552
22,"Title 22",no,0.32501656963725933,0.6749834303627407,0.8,None,None,None,None,None
10,"Title 10",no,0.6749834303627407,0.32501656963725933,0.8,430489936785442048,9007865773418682368,5439690292077190144,8475359602244790272,5781465601414931968
40,"Title 40",no,0.32501656963725933,0.6749834303627407,0.8,None,None,None,None,None
2,"Title 2",no,0.32501656963725933,0.6749834303627407,0.8,None,None,None,None,None
14,"Title 14",no,0.32501656963725933,0.6749834303627407,0.8,None,None,None,None,None
25,"Title 25",no,0.6749834303627407,0.32501656963725933,0.8,455089828517687168,9671167011325687808,5066606743800122368,9057481872293691392,5409892141201866240
24,"Title 24",no,0.6749834303627407,0.32501656963725933,0.8,461319211561435264,9863689419814088704,4967715214306043904,9226003869695291392,5311075162340933312
6,"Title 6",no,0.6749834303627407,0.32501656963725933,0.8,472988171665592320,10256678737079947264,4777374943299646464,9569271098096420864,5120557197898530560
8,"Title 8",no,0.6749834303627407,0.32501656963725933,0.8,481373894544583424,10570224480919758848,4635663139269139456,9842434671036794880,4978443000916395264
19,"Title 19",no,0.32501656963725933,0.6749834303627407,0.8,None,None,None,None,None
38,"Title 38",no,0.32501656963725933,0.6749834303627407,0.8,None,None,None,None,None
16,"Title 16",no,0.32501656963725933,0.6749834303627407,0.8,None,None,None,None,None
29,"Title 29",no,0.6749834303627407,0.32501656963725933,0.8,503460875053420928,11558677932560506880,4239239148792979968,10699032826227460096,4579853225600176128
32,"Title 32",no,0.6749834303627407,0.32501656963725933,0.8,506346946038656640,11710182389367572480,4184392554337177088,10829696279398006784,4524595956879760640
33,"Title 33",no,0.32501656963725933,0.6749834303627407,0.8,None,None,None,None,None
15,"Title 15",no,0.6749834303627407,0.32501656963725933,0.8,510980010292071232,11966905935401406464,4094625650482009088,11050706479749150720,4434105646529875712
12,"Title 12",no,0.32501656963725933,0.6749834303627407,0.8,None,None,None,None,None
17,"Title 17",no,0.32501656963725933,0.6749834303627407,0.8,None,None,None,None,None
18,"Title 18",no,0.32501656963725933,0.6749834303627407,0.8,None,None,None,None,None
42,"Title 42",no,0.32501656963725933,0.6749834303627407,0.8,None,None,None,None,None
41,"Title 41",no,0.32501656963725933,0.6749834303627407,0.8,None,None,None,None,None
49,"Title 49",no,0.32501656963725933,0.6749834303627407,0.8,None,None,None,None,None
50,"Title 50",no,0.32501656963725933,0.6749834303627407,0.8,None,None,None,None,None
44,"Title 44",no,0.6749834303627407,0.32501656963725933,0.8,511645919524681792,12016831254055174144,4077614053493891584,11093959756285458432,4416817896985634624
45,"Title 45",no,0.6749834303627407,0.32501656963725933,0.8,526936493657588928,13004618776674914304,3767892072921538560,11938703595518078976,4104298227019820352
47,"Title 47",no,0.32501656963725933,0.6749834303627407,0.8,None,None,None,None,None
26,"Title 26",no,0.32501656963725933,0.6749834303627407,0.8,None,None,None,None,None
48,"Title 48",no,0.32501656963725933,0.6749834303627407,0.8,None,None,None,None,None
31,"Title 31",no,0.32501656963725933,0.6749834303627407,0.8,None,None,None,None,None
35,"Title 35",no,0.32501656963725933,0.6749834303627407,0.8,None,None,None,None,None
39,"Title 39",no,0.32501656963725933,0.6749834303627407,0.8,None,None,None,None,None
30,"Title 30",no,0.32501656963725933,0.6749834303627407,0.8,None,None,None,None,None
23,"Title 23",no,0.32501656963725933,0.6749834303627407,0.8,None,None,None,None,None
46,"Title 46",no,0.6749834303627407,0.32501656963725933,0.8,551781455801612544,15330127508646088704,3196320446282285056,13895190353622009856,3526400053039024640
21,"Title 21",no,0.32501656963725933,0.6749834303627407,0.8,None,None,None,None,None
13,"Title 13",no,0.6749834303627407,0.32501656963725933,0.8,554167564681795264,15629564487607744512,3135084156621943296,14143778973475606528,3464420653906686528
27,"Title 27",no,0.32501656963725933,0.6749834303627407,0.8,None,None,None,None,None
34,"Title 34",no,0.32501656963725933,0.6749834303627407,0.8,None,None,None,None,None
43,"Title 43",no,0.32501656963725933,0.6749834303627407,0.8,None,None,None,None,None
28,"Title 28",no,0.6749834303627407,0.32501656963725933,0.8,562814130609114368,16867470973942423552,2904999811512777728,15162892110262820864,3231573478441815808
20,"Title 20",no,0.32401656963725933,0.6759834303627407,0.8,238687212921694240,8053792557597813472,6084090153746785280,8327224905007858848,5884313268701579264
11,"Title 11",no,0.32401656963725933,0.6759834303627407,0.8,209050472237947360,8340287470222355104,5875097252336512000,8589505271033898688,5704635884588261376
37,"Title 37",no,0.6759834303627407,0.32401656963725933,0.8,400230125325017792,7888097783704631296,6211890539849169920,7459367483246631936,6568921575462204096
36,"Title 36",no,0.6759834303627407,0.32401656963725933,0.8,412275802031600960,8102594105023819776,6047445961734492416,7647381437799948288,6407421991245236416
25,"Title 25",no,0.6759834303627407,0.32401656963725933,0.8,455556622818114688,9057481872293691392,5409892141201866240,8482186121037668352,5776812640136407872
24,"Title 24",no,0.6759834303627407,0.32401656963725933,0.8,461756143949024640,9226003869695291392,5311075162340933312,8629016189305241600,5678515247280489152
29,"Title 29",no,0.6759834303627407,0.32401656963725933,0.8,503823689496977536,10699032826227460096,4579853225600176128,9902790730213357568,4948100119949145920
32,"Title 32",no,0.6759834303627407,0.32401656963725933,0.8,506696883732067968,10829696279398006784,4524595956879760640,10014893319285080064,4892713126124233920
15,"Title 15",no,0.6759834303627407,0.32401656963725933,0.8,511334915133990912,11050706479749150720,4434105646529875712,10204109645863735296,4801986817131299520
22,"Title 22",no,0.32401656963725933,0.6759834303627407,0.8,None,None,None,None,None
40,"Title 40",no,0.32401656963725933,0.6759834303627407,0.8,None,None,None,None,None
14,"Title 14",no,0.32401656963725933,0.6759834303627407,0.8,None,None,None,None,None
19,"Title 19",no,0.32401656963725933,0.6759834303627407,0.8,None,None,None,None,None
38,"Title 38",no,0.32401656963725933,0.6759834303627407,0.8,None,None,None,None,None
16,"Title 16",no,0.32401656963725933,0.6759834303627407,0.8,None,None,None,None,None
33,"Title 33",no,0.32401656963725933,0.6759834303627407,0.8,None,None,None,None,None
12,"Title 12",no,0.32401656963725933,0.6759834303627407,0.8,None,None,None,None,None
17,"Title 17",no,0.32401656963725933,0.6759834303627407,0.8,None,None,None,None,None
18,"Title 18",no,0.32401656963725933,0.6759834303627407,0.8,None,None,None,None,None
56,"Title 56",no,0.6749834303627407,0.32501656963725933,0.8,325703565183003712,7211919973071383552,6794307227889562624,6894205483335988224,7107417978538367744
60,"Title 60",no,0.32501656963725933,0.6749834303627407,0.8,None,None,None,None,None
52,"Title 52",no,0.6749834303627407,0.32501656963725933,0.8,511005750117101568,12037394010939934720,4070648510422386176,11113291050059880448,4409134951948908160
51,"Title 51",no,0.6749834303627407,0.32501656963725933,0.8,511398080860620864,12061683852704937984,4062451030749850112,11134205330501349376,4400852916352103360
55,"Title 55",no,0.32501656963725933,0.6749834303627407,0.8,None,None,None,None,None
53,"Title 53",no,0.6749834303627407,0.32501656963725933,0.8,527819730783912256,13149923766657468416,3726257343349993472,12064319028049711104,4061563680973149888
57,"Title 57",no,0.32501656963725933,0.6749834303627407,0.8,None,None,None,None,None
59,"Title 59",no,0.6749834303627407,0.32501656963725933,0.8,543432672269146176,14515847701883136000,3375620976902592000,13217611162082392064,3707175177052205504
54,"Title 54",no,0.32501656963725933,0.6749834303627407,0.8,None,None,None,None,None
58,"Title 58",no,0.32501656963725933,0.6749834303627407,0.8,None,None,None,None,None
44,"Title 44",no,0.6759834303627407,0.32401656963725933,0.8,511666094362506304,11093959756285458432,4416817896985634624,10241932150697545728,4784253525509126784
45,"Title 45",no,0.6759834303627407,0.32401656963725933,0.8,526876696991104768,11938703595518078976,4104298227019820352,10960257408598300672,4470697920065234816
46,"Title 46",no,0.6759834303627407,0.32401656963725933,0.8,551812746755485888,13895190353622009856,3526400053039024640,12594499947388655616,3890587177314622848
28,"Title 28",no,0.6759834303627407,0.32401656963725933,0.8,562934864671646720,15162892110262820864,3231573478441815808,13630277674943653888,3594937767854575104
37,"Title 37",no,0.6769834303627407,0.32301656963725933,0.8,401141666464844288,7459367483246631936,6568921575462204096,7053066252286877696,6947333010534574080
36,"Title 36",no,0.6769834303627407,0.32301656963725933,0.8,413134744577843264,7647381437799948288,6407421991245236416,7216898391501085696,6789620324668060032
25,"Title 25",no,0.6769834303627407,0.32301656963725933,0.8,456223889015836032,8482186121037668352,5776812640136407872,7942691962960402432,6169193042926055040
24,"Title 24",no,0.6769834303627407,0.32301656963725933,0.8,462396200750845888,8629016189305241600,5678515247280489152,8069934017720236032,6071920773131989824
29,"Title 29",no,0.6769834303627407,0.32301656963725933,0.8,504275120482529792,9902790730213357568,4948100119949145920,9165195304583875584,5346312694012442176
32,"Title 32",no,0.6769834303627407,0.32301656963725933,0.8,507135895740727104,10014893319285080064,4892713126124233920,9260790686214115328,5291124879103773056
22,"Title 22",no,0.32301656963725933,0.6769834303627407,0.8,None,None,None,None,None
42,"Title 42",no,0.32401656963725933,0.6759834303627407,0.8,None,None,None,None,None
40,"Title 40",no,0.32301656963725933,0.6769834303627407,0.8,None,None,None,None,None
41,"Title 41",no,0.32401656963725933,0.6759834303627407,0.8,None,None,None,None,None
49,"Title 49",no,0.32401656963725933,0.6759834303627407,0.8,None,None,None,None,None
38,"Title 38",no,0.32301656963725933,0.6769834303627407,0.8,None,None,None,None,None
33,"Title 33",no,0.32301656963725933,0.6769834303627407,0.8,None,None,None,None,None
50,"Title 50",no,0.32401656963725933,0.6759834303627407,0.8,None,None,None,None,None
47,"Title 47",no,0.32401656963725933,0.6759834303627407,0.8,None,None,None,None,None
26,"Title 26",no,0.32401656963725933,0.6759834303627407,0.8,None,None,None,None,None
48,"Title 48",no,0.32401656963725933,0.6759834303627407,0.8,None,None,None,None,None
31,"Title 31",no,0.32401656963725933,0.6759834303627407,0.8,None,None,None,None,None
35,"Title 35",no,0.32401656963725933,0.6759834303627407,0.8,None,None,None,None,None
39,"Title 39",no,0.32401656963725933,0.6759834303627407,0.8,None,None,None,None,None
30,"Title 30",no,0.32401656963725933,0.6759834303627407,0.8,None,None,None,None,None
23,"Title 23",no,0.32401656963725933,0.6759834303627407,0.8,None,None,None,None,None
21,"Title 21",no,0.32401656963725933,0.6759834303627407,0.8,None,None,None,None,None
27,"Title 27",no,0.32401656963725933,0.6759834303627407,0.8,None,None,None,None,None
34,"Title 34",no,0.32401656963725933,0.6759834303627407,0.8,None,None,None,None,None
43,"Title 43",no,0.32401656963725933,0.6759834303627407,0.8,None,None,None,None,None
67,"Title 67",no,0.32501656963725933,0.6749834303627407,0.8,196883110341074656,8197517645263373312,5977419277445874688,8428628889538494400,5813519688928073728
69,"Title 69",no,0.32501656963725933,0.6749834303627407,0.8,None,None,None,None,None
70,"Title 70",no,0.6749834303627407,0.32501656963725933,0.8,469036429404564480,10196423869543354368,4805606419164532736,9519732733557899264,5147203327176474048
68,"Title 68",no,0.32501656963725933,0.6749834303627407,0.8,None,None,None,None,None
64,"Title 64",no,0.32501656963725933,0.6749834303627407,0.8,None,None,None,None,None
63,"Title 63",no,0.32501656963725933,0.6749834303627407,0.8,None,None,None,None,None
62,"Title 62",no,0.32501656963725933,0.6749834303627407,0.8,None,None,None,None,None
66,"Title 66",no,0.32501656963725933,0.6749834303627407,0.8,None,None,None,None,None
65,"Title 65",no,0.32501656963725933,0.6749834303627407,0.8,None,None,None,None,None
61,"Title 61",no,0.6749834303627407,0.32501656963725933,0.8,558114507813032960,16444563612950865920,2979708136578960384,14821386169137852416,3306033554542374528
56,"Title 56",no,0.6759834303627407,0.32401656963725933,0.8,326642359405542272,6894205483335988224,7107417978538367744,6589650861366906880,7435902300571325824
52,"Title 52",no,0.6759834303627407,0.32401656963725933,0.8,510991069188204800,11113291050059880448,4409134951948908160,10260153505640419328,4775757007247769984
51,"Title 51",no,0.6759834303627407,0.32401656963725933,0.8,511382254249851264,11134205330501349376,4400852916352103360,10278069369978984448,4767432310110997888
53,"Title 53",no,0.6759834303627407,0.32401656963725933,0.8,527742654037778240,12064319028049711104,4061563680973149888,11068470880136237056,4426989105418044928
59,"Title 59",no,0.6759834303627407,0.32401656963725933,0.8,543299973025132032,13217611162082392064,3707175177052205504,12035746303168745472,4071205786973042752
44,"Title 44",no,0.6769834303627407,0.32301656963725933,0.8,511754813962051456,10241932150697545728,4784253525509126784,9455215234897207296,5182325180621095424
45,"Title 45",no,0.6769834303627407,0.32301656963725933,0.8,526887754512069440,10960257408598300672,4470697920065234816,10061983270049314816,4869815292364310720
46,"Title 46",no,0.6769834303627407,0.32301656963725933,0.8,551695575119210688,12594499947388655616,3890587177314622848,11415790485160816640,4292300219042581696
37,"Title 37",no,0.6779834303627407,0.32201656963725933,0.8,401820841882672960,7053066252286877696,6947333010534574080,6668280720380707840,7348220936505875648
36,"Title 36",no,0.6779834303627407,0.32201656963725933,0.8,413754854287674880,7216898391501085696,6789620324668060032,6810072505655057408,7195224420784154048
32,"Title 32",no,0.6779834303627407,0.32201656963725933,0.8,507361784677247744,9260790686214115328,5291124879103773056,8563183359590140928,5722171059799108800
42,"Title 42",no,0.32301656963725933,0.6769834303627407,0.8,None,None,None,None,None
40,"Title 40",no,0.32201656963725933,0.6779834303627407,0.8,None,None,None,None,None
60,"Title 60",no,0.32401656963725933,0.6759834303627407,0.8,None,None,None,None,None
41,"Title 41",no,0.32301656963725933,0.6769834303627407,0.8,None,None,None,None,None
49,"Title 49",no,0.32301656963725933,0.6769834303627407,0.8,None,None,None,None,None
38,"Title 38",no,0.32201656963725933,0.6779834303627407,0.8,None,None,None,None,None
33,"Title 33",no,0.32201656963725933,0.6779834303627407,0.8,None,None,None,None,None
50,"Title 50",no,0.32301656963725933,0.6769834303627407,0.8,None,None,None,None,None
55,"Title 55",no,0.32401656963725933,0.6759834303627407,0.8,None,None,None,None,None
47,"Title 47",no,0.32301656963725933,0.6769834303627407,0.8,None,None,None,None,None
48,"Title 48",no,0.32301656963725933,0.6769834303627407,0.8,None,None,None,None,None
57,"Title 57",no,0.32401656963725933,0.6759834303627407,0.8,None,None,None,None,None
31,"Title 31",no,0.32301656963725933,0.6769834303627407,0.8,None,None,None,None,None
35,"Title 35",no,0.32301656963725933,0.6769834303627407,0.8,None,None,None,None,None
39,"Title 39",no,0.32301656963725933,0.6769834303627407,0.8,None,None,None,None,None
54,"Title 54",no,0.32401656963725933,0.6759834303627407,0.8,None,None,None,None,None
58,"Title 58",no,0.32401656963725933,0.6759834303627407,0.8,None,None,None,None,None
34,"Title 34",no,0.32301656963725933,0.6769834303627407,0.8,None,None,None,None,None
43,"Title 43",no,0.32301656963725933,0.6769834303627407,0.8,None,None,None,None,None
79,"Title 79",no,0.32501656963725933,0.6749834303627407,0.8,286416420863449344,7234739436966579200,6772876953885845504,7527959826545808192,6509067679560607744
75,"Title 75",no,0.32501656963725933,0.6749834303627407,0.8,None,None,None,None,None
78,"Title 78",no,0.32501656963725933,0.6749834303627407,0.8,None,None,None,None,None
73,"Title 73",no,0.32501656963725933,0.6749834303627407,0.8,None,None,None,None,None
80,"Title 80",no,0.32501656963725933,0.6749834303627407,0.8,None,None,None,None,None
77,"Title 77",no,0.6749834303627407,0.32501656963725933,0.8,519279953718736768,12685106274283008000,3862797751985692160,11671905672931244032,4198114804306356224
71,"Title 71",no,0.32501656963725933,0.6749834303627407,0.8,None,None,None,None,None
72,"Title 72",no,0.32501656963725933,0.6749834303627407,0.8,None,None,None,None,None
74,"Title 74",no,0.32501656963725933,0.6749834303627407,0.8,None,None,None,None,None
76,"Title 76",no,0.32501656963725933,0.6749834303627407,0.8,None,None,None,None,None
67,"Title 67",no,0.32401656963725933,0.6759834303627407,0.8,198481470216459232,8428628889538494400,5813519688928073728,8668184945635040256,5652855852443999232
70,"Title 70",no,0.6759834303627407,0.32401656963725933,0.8,469283865243376256,9519732733557899264,5147203327176474048,8887639406628313088,5513274983170030336
61,"Title 61",no,0.6759834303627407,0.32401656963725933,0.8,558051845794466432,14821386169137852416,3306033554542374528,13358574154385088512,3668056143844906624
56,"Title 56",no,0.6769834303627407,0.32301656963725933,0.8,327716428861320256,6589650861366906880,7435902300571325824,6297635292998300672,7780698265343836288
52,"Title 52",no,0.6769834303627407,0.32301656963725933,0.8,511169012198012544,10260153505640419328,4775757007247769984,9472255822459379712,5173002177983579136
51,"Title 51",no,0.6769834303627407,0.32301656963725933,0.8,511559018747957824,10278069369978984448,4767432310110997888,9487511607598303232,5164684063285589696
53,"Title 53",no,0.6769834303627407,0.32301656963725933,0.8,527838641537065792,11068470880136237056,4426989105418044928,10154672472108472320,4825364888388749376
59,"Title 59",no,0.6769834303627407,0.32301656963725933,0.8,543319020768578048,12035746303168745472,4071205786973042752,10959524621012686848,4470996844703678912
44,"Title 44",no,0.6779834303627407,0.32201656963725933,0.8,511935694544464512,9455215234897207296,5182325180621095424,8728691683077958656,5613670614004475520
45,"Title 45",no,0.6779834303627407,0.32201656963725933,0.8,526993927753055232,10061983270049314816,4869815292364310720,9237176785032722432,5304651100690872576
46,"Title 46",no,0.6779834303627407,0.32201656963725933,0.8,551678421472191168,11415790485160816640,4292300219042581696,10347425635768592384,4735477376190908224
42,"Title 42",no,0.32201656963725933,0.6779834303627407,0.8,None,None,None,None,None
69,"Title 69",no,0.32401656963725933,0.6759834303627407,0.8,None,None,None,None,None
60,"Title 60",no,0.32301656963725933,0.6769834303627407,0.8,None,None,None,None,None
41,"Title 41",no,0.32201656963725933,0.6779834303627407,0.8,None,None,None,None,None
68,"Title 68",no,0.32401656963725933,0.6759834303627407,0.8,None,None,None,None,None
49,"Title 49",no,0.32201656963725933,0.6779834303627407,0.8,None,None,None,None,None
50,"Title 50",no,0.32201656963725933,0.6779834303627407,0.8,None,None,None,None,None
55,"Title 55",no,0.32301656963725933,0.6769834303627407,0.8,None,None,None,None,None
47,"Title 47",no,0.32201656963725933,0.6779834303627407,0.8,None,None,None,None,None
48,"Title 48",no,0.32201656963725933,0.6779834303627407,0.8,None,None,None,None,None
57,"Title 57",no,0.32301656963725933,0.6769834303627407,0.8,None,None,None,None,None
64,"Title 64",no,0.32401656963725933,0.6759834303627407,0.8,None,None,None,None,None
63,"Title 63",no,0.32401656963725933,0.6759834303627407,0.8,None,None,None,None,None
54,"Title 54",no,0.32301656963725933,0.6769834303627407,0.8,None,None,None,None,None
62,"Title 62",no,0.32401656963725933,0.6759834303627407,0.8,None,None,None,None,None
66,"Title 66",no,0.32401656963725933,0.6759834303627407,0.8,None,None,None,None,None
65,"Title 65",no,0.32401656963725933,0.6759834303627407,0.8,None,None,None,None,None
58,"Title 58",no,0.32301656963725933,0.6769834303627407,0.8,None,None,None,None,None
43,"Title 43",no,0.32201656963725933,0.6779834303627407,0.8,None,None,None,None,None
82,"Title 82",no,0.32501656963725933,0.6749834303627407,0.8,188425402365820064,8276320206451292160,5920505584330230784,8499974432269035264,5764723222457933824
85,"Title 85",no,0.32501656963725933,0.6749834303627407,0.8,None,None,None,None,None
88,"Title 88",no,0.32501656963725933,0.6749834303627407,0.8,None,None,None,None,None
81,"Title 81",no,0.32501656963725933,0.6749834303627407,0.8,None,None,None,None,None
90,"Title 90",no,0.32501656963725933,0.6749834303627407,0.8,None,None,None,None,None
83,"Title 83",no,0.32501656963725933,0.6749834303627407,0.8,None,None,None,None,None
86,"Title 86",no,0.32501656963725933,0.6749834303627407,0.8,None,None,None,None,None
87,"Title 87",no,0.32501656963725933,0.6749834303627407,0.8,None,None,None,None,None
84,"Title 84",no,0.32501656963725933,0.6749834303627407,0.8,None,None,None,None,None
89,"Title 89",no,0.32501656963725933,0.6749834303627407,0.8,None,None,None,None,None
79,"Title 79",no,0.32401656963725933,0.6759834303627407,0.8,287599139696851584,7527959826545808192,6509067679560607744,7834324181267787072,6254528006022670336
77,"Title 77",no,0.6759834303627407,0.32401656963725933,0.8,519375885904005760,11671905672931244032,4198114804306356224,10739474221423917056,4562606975884451264
67,"Title 67",no,0.32301656963725933,0.6769834303627407,0.8,200163824743152416,8668184945635040256,5652855852443999232,8916637813297370016,5495344885145651200
70,"Title 70",no,0.6769834303627407,0.32301656963725933,0.8,469721105901106368,8887639406628313088,5513274983170030336,8297002662957863936,5905747170452469376
61,"Title 61",no,0.6769834303627407,0.32301656963725933,0.8,558058505740430080,13358574154385088512,3668056143844906624,12040121700498868224,4069726305006513792
56,"Title 56",no,0.6779834303627407,0.32201656963725933,0.8,328827106634083776,6297635292998300672,7780698265343836288,6017656405305380864,8142704850479640832
52,"Title 52",no,0.6779834303627407,0.32201656963725933,0.8,511409431173598464,9472255822459379712,5173002177983579136,8744546543275619328,5603492388942686528
51,"Title 51",no,0.6779834303627407,0.32201656963725933,0.8,511798246879732928,9487511607598303232,5164684063285589696,8757446134238537728,5595238526038683712
53,"Title 53",no,0.6779834303627407,0.32201656963725933,0.8,527999338709570304,10154672472108472320,4825364888388749376,9316081904765796352,5259721898208434560
59,"Title 59",no,0.6779834303627407,0.32201656963725933,0.8,543404908122179520,10959524621012686848,4470996844703678912,9979396301435740160,4910116656350279680
75,"Title 75",no,0.32401656963725933,0.6759834303627407,0.8,None,None,None,None,None
69,"Title 69",no,0.32301656963725933,0.6769834303627407,0.8,None,None,None,None,None
60,"Title 60",no,0.32201656963725933,0.6779834303627407,0.8,None,None,None,None,None
78,"Title 78",no,0.32401656963725933,0.6759834303627407,0.8,None,None,None,None,None
68,"Title 68",no,0.32301656963725933,0.6769834303627407,0.8,None,None,None,None,None
73,"Title 73",no,0.32401656963725933,0.6759834303627407,0.8,None,None,None,None,None
80,"Title 80",no,0.32401656963725933,0.6759834303627407,0.8,None,None,None,None,None
55,"Title 55",no,0.32201656963725933,0.6779834303627407,0.8,None,None,None,None,None
71,"Title 71",no,0.32401656963725933,0.6759834303627407,0.8,None,None,None,None,None
57,"Title 57",no,0.32201656963725933,0.6779834303627407,0.8,None,None,None,None,None
72,"Title 72",no,0.32401656963725933,0.6759834303627407,0.8,None,None,None,None,None
64,"Title 64",no,0.32301656963725933,0.6769834303627407,0.8,None,None,None,None,None
74,"Title 74",no,0.32401656963725933,0.6759834303627407,0.8,None,None,None,None,None
63,"Title 63",no,0.32301656963725933,0.6769834303627407,0.8,None,None,None,None,None
54,"Title 54",no,0.32201656963725933,0.6779834303627407,0.8,None,None,None,None,None
62,"Title 62",no,0.32301656963725933,0.6769834303627407,0.8,None,None,None,None,None
66,"Title 66",no,0.32301656963725933,0.6769834303627407,0.8,None,None,None,None,None
76,"Title 76",no,0.32401656963725933,0.6759834303627407,0.8,None,None,None,None,None
65,"Title 65",no,0.32301656963725933,0.6769834303627407,0.8,None,None,None,None,None
58,"Title 58",no,0.32201656963725933,0.6779834303627407,0.8,None,None,None,None,None
100,"Title 100",no,0.32501656963725933,0.6749834303627407,0.8,191338244671530176,8243171459364809728,5944314059406423040,8469224664398373952,5785653580070756352
91,"Title 91",no,0.32501656963725933,0.6749834303627407,0.8,None,None,None,None,None
97,"Title 97",no,0.6749834303627407,0.32501656963725933,0.8,503105666903774656,11807257176825604096,4149990066801756160,10921511484336023552,4486558483253655232
92,"Title 92",no,0.6749834303627407,0.32501656963725933,0.8,504032955833970944,11859795866068922368,4131605683044666368,10966828413830012928,4468019207650521280
93,"Title 93",no,0.32501656963725933,0.6749834303627407,0.8,None,None,None,None,None
96,"Title 96",no,0.32501656963725933,0.6749834303627407,0.8,None,None,None,None,None
95,"Title 95",no,0.32501656963725933,0.6749834303627407,0.8,None,None,None,None,None
98,"Title 98",no,0.6749834303627407,0.32501656963725933,0.8,545400295136234368,15171500643729242112,3229739835937252352,13774935604965179392,3557185413072852416
94,"Title 94",no,0.6749834303627407,0.32501656963725933,0.8,545392198022729472,15173504132599259136,3229313385477437440,13776664812430288896,3556738925359402752
99,"Title 99",no,0.32501656963725933,0.6749834303627407,0.8,None,None,None,None,None
82,"Title 82",no,0.32401656963725933,0.6759834303627407,0.8,190085280539403360,8499974432269035264,5764723222457933824,8731696011430864672,5611739109544465408
79,"Title 79",no,0.32301656963725933,0.6769834303627407,0.8,288911245874444352,7834324181267787072,6254528006022670336,8154611205350369408,6008870167574675456
77,"Title 77",no,0.6769834303627407,0.32301656963725933,0.8,519618203914721024,10739474221423917056,4562606975884451264,9881163467720761344,4958930206961001600
67,"Title 67",no,0.32201656963725933,0.6779834303627407,0.8,201860760734197120,8916637813297370016,5495344885145651200,9174378680729432384,5340961138101194752
70,"Title 70",no,0.6779834303627407,0.32201656963725933,0.8,470204024448095232,8297002662957863936,5905747170452469376,7745088091283166208,6326590404458775424
61,"Title 61",no,0.6779834303627407,0.32201656963725933,0.8,558121186849297152,12040121700498868224,4069726305006513792,10851676374942615552,4515431377325710336
85,"Title 85",no,0.32401656963725933,0.6759834303627407,0.8,None,None,None,None,None
75,"Title 75",no,0.32301656963725933,0.6769834303627407,0.8,None,None,None,None,None
88,"Title 88",no,0.32401656963725933,0.6759834303627407,0.8,None,None,None,None,None
69,"Title 69",no,0.32201656963725933,0.6779834303627407,0.8,None,None,None,None,None
78,"Title 78",no,0.32301656963725933,0.6769834303627407,0.8,None,None,None,None,None
68,"Title 68",no,0.32201656963725933,0.6779834303627407,0.8,None,None,None,None,None
73,"Title 73",no,0.32301656963725933,0.6769834303627407,0.8,None,None,None,None,None
80,"Title 80",no,0.32301656963725933,0.6769834303627407,0.8,None,None,None,None,None
81,"Title 81",no,0.32401656963725933,0.6759834303627407,0.8,None,None,None,None,None
90,"Title 90",no,0.32401656963725933,0.6759834303627407,0.8,None,None,None,None,None
71,"Title 71",no,0.32301656963725933,0.6769834303627407,0.8,None,None,None,None,None
72,"Title 72",no,0.32301656963725933,0.6769834303627407,0.8,None,None,None,None,None
64,"Title 64",no,0.32201656963725933,0.6779834303627407,0.8,None,None,None,None,None
74,"Title 74",no,0.32301656963725933,0.6769834303627407,0.8,None,None,None,None,None
83,"Title 83",no,0.32401656963725933,0.6759834303627407,0.8,None,None,None,None,None
63,"Title 63",no,0.32201656963725933,0.6779834303627407,0.8,None,None,None,None,None
62,"Title 62",no,0.32201656963725933,0.6779834303627407,0.8,None,None,None,None,None
86,"Title 86",no,0.32401656963725933,0.6759834303627407,0.8,None,None,None,None,None
87,"Title 87",no,0.32401656963725933,0.6759834303627407,0.8,None,None,None,None,None
66,"Title 66",no,0.32201656963725933,0.6779834303627407,0.8,None,None,None,None,None
76,"Title 76",no,0.32301656963725933,0.6769834303627407,0.8,None,None,None,None,None
65,"Title 65",no,0.32201656963725933,0.6779834303627407,0.8,None,None,None,None,None
84,"Title 84",no,0.32401656963725933,0.6759834303627407,0.8,None,None,None,None,None
89,"Title 89",no,0.32401656963725933,0.6759834303627407,0.8,None,None,None,None,None
106,"Title 106",no,0.32501656963725933,0.6749834303627407,0.8,None,None,None,None,None
103,"Title 103",no,0.32501656963725933,0.6749834303627407,0.8,None,None,None,None,None
105,"Title 105",no,0.32501656963725933,0.6749834303627407,0.8,None,None,None,None,None
110,"Title 110",no,0.32501656963725933,0.6749834303627407,0.8,None,None,None,None,None
107,"Title 107",no,0.32501656963725933,0.6749834303627407,0.8,None,None,None,None,None
102,"Title 102",no,0.32501656963725933,0.6749834303627407,0.8,None,None,None,None,None
109,"Title 109",no,0.32501656963725933,0.6749834303627407,0.8,None,None,None,None,None
108,"Title 108",no,0.32501656963725933,0.6749834303627407,0.8,None,None,None,None,None
101,"Title 101",no,0.32501656963725933,0.6749834303627407,0.8,None,None,None,None,None
104,"Title 104",no,0.32501656963725933,0.6749834303627407,0.8,None,None,None,None,None
100,"Title 100",no,0.32401656963725933,0.6759834303627407,0.8,192997543481345856,8469224664398373952,5785653580070756352,8703491054292898528,5629924784702490624
97,"Title 97",no,0.6759834303627407,0.32401656963725933,0.8,503283903681319040,10921511484336023552,4486558483253655232,10101943353020090368,4850551848061086272
92,"Title 92",no,0.6759834303627407,0.32401656963725933,0.8,504207302533643648,10966828413830012928,4468019207650521280,10140831639252604928,4831950844182575744
98,"Title 98",no,0.6759834303627407,0.32401656963725933,0.8,545437043651354560,13774935604965179392,3557185413072852416,12506849420710223872,3917853198013273408
94,"Title 94",no,0.6759834303627407,0.32401656963725933,0.8,545429750933610688,13776664812430288896,3556738925359402752,12508336153189015552,3917387524599536576
82,"Title 82",no,0.32301656963725933,0.6769834303627407,0.8,191797384253261568,8731696011430864672,5611739109544465408,8971878676575845824,5461509430341634048
79,"Title 79",no,0.32201656963725933,0.6779834303627407,0.8,290193117506619968,8154611205350369408,6008870167574675456,8489471554998230144,5771855136395496448
77,"Title 77",no,0.6779834303627407,0.32201656963725933,0.8,519813311064011392,9881163467720761344,4958930206961001600,9091177050021970944,5389841131724696128
85,"Title 85",no,0.32301656963725933,0.6769834303627407,0.8,None,None,None,None,None
75,"Title 75",no,0.32201656963725933,0.6779834303627407,0.8,None,None,None,None,None
88,"Title 88",no,0.32301656963725933,0.6769834303627407,0.8,None,None,None,None,None
78,"Title 78",no,0.32201656963725933,0.6779834303627407,0.8,None,None,None,None,None
91,"Title 91",no,0.32401656963725933,0.6759834303627407,0.8,None,None,None,None,None
73,"Title 73",no,0.32201656963725933,0.6779834303627407,0.8,None,None,None,None,None
80,"Title 80",no,0.32201656963725933,0.6779834303627407,0.8,None,None,None,None,None
93,"Title 93",no,0.32401656963725933,0.6759834303627407,0.8,None,None,None,None,None
81,"Title 81",no,0.32301656963725933,0.6769834303627407,0.8,None,None,None,None,None
90,"Title 90",no,0.32301656963725933,0.6769834303627407,0.8,None,None,None,None,None
96,"Title 96",no,0.32401656963725933,0.6759834303627407,0.8,None,None,None,None,None
71,"Title 71",no,0.32201656963725933,0.6779834303627407,0.8,None,None,None,None,None
72,"Title 72",no,0.32201656963725933,0.6779834303627407,0.8,None,None,None,None,None
95,"Title 95",no,0.32401656963725933,0.6759834303627407,0.8,None,None,None,None,None
74,"Title 74",no,0.32201656963725933,0.6779834303627407,0.8,None,None,None,None,None
83,"Title 83",no,0.32301656963725933,0.6769834303627407,0.8,None,None,None,None,None
86,"Title 86",no,0.32301656963725933,0.6769834303627407,0.8,None,None,None,None,None
87,"Title 87",no,0.32301656963725933,0.6769834303627407,0.8,None,None,None,None,None
76,"Title 76",no,0.32201656963725933,0.6779834303627407,0.8,None,None,None,None,None
99,"Title 99",no,0.32401656963725933,0.6759834303627407,0.8,None,None,None,None,None
84,"Title 84",no,0.32301656963725933,0.6769834303627407,0.8,None,None,None,None,None
89,"Title 89",no,0.32301656963725933,0.6769834303627407,0.8,None,None,None,None,None
111,"Title 111",no,0.32501656963725933,0.6749834303627407,0.8,295842743389433536,7104004906808017920,6897517758333975552,7401273180105410880,6620482558556517376
112,"Title 112",no,0.32501656963725933,0.6749834303627407,0.8,None,None,None,None,None
114,"Title 114",no,0.32501656963725933,0.6749834303627407,0.8,None,None,None,None,None
119,"Title 119",no,0.6749834303627407,0.32501656963725933,0.8,454863412387138304,9858898453915510784,4970129292744607744,9229967494812794880,5308794427232578368
113,"Title 113",no,0.6749834303627407,0.32501656963725933,0.8,465012083759438144,10202362212492615680,4802809288617527296,9530572555644680192,5141349033744958720
118,"Title 118",no,0.6749834303627407,0.32501656963725933,0.8,523229894154246016,13234944940889776128,3702319897728699392,12147443516155355136,4033770557140933312
115,"Title 115",no,0.32501656963725933,0.6749834303627407,0.8,None,None,None,None,None
116,"Title 116",no,0.32501656963725933,0.6749834303627407,0.8,None,None,None,None,None
120,"Title 120",no,0.6749834303627407,0.32501656963725933,0.8,553709412993698560,16517887382169937920,2966481055736736256,14894563631532220416,3289790907084084032
117,"Title 117",no,0.32501656963725933,0.6749834303627407,0.8,None,None,None,None,None
100,"Title 100",no,0.32301656963725933,0.6769834303627407,0.8,194741873167672928,8703491054292898528,5629924784702490624,8946413352104257280,5477055225541850112
97,"Title 97",no,0.6769834303627407,0.32301656963725933,0.8,503676023655255616,10101943353020090368,4850551848061086272,9343330684956381184,5244382506860695808
92,"Title 92",no,0.6769834303627407,0.32301656963725933,0.8,504595747148004800,10140831639252604928,4831950844182575744,9376503004007161856,5225828859550224128
98,"Title 98",no,0.6769834303627407,0.32301656963725933,0.8,545636102164905216,12506849420710223872,3917853198013273408,11355118591576872960,4315234544212314624
94,"Title 94",no,0.6769834303627407,0.32301656963725933,0.8,545629459662050368,12508336153189015552,3917387524599536576,11356391519251191808,4314750853467486528
82,"Title 82",no,0.32201656963725933,0.6779834303627407,0.8,193553027505018848,8971878676575845824,5461509430341634048,9220927063412491744,5313999304302708736
106,"Title 106",no,0.32401656963725933,0.6759834303627407,0.8,None,None,None,None,None
85,"Title 85",no,0.32201656963725933,0.6779834303627407,0.8,None,None,None,None,None
88,"Title 88",no,0.32201656963725933,0.6779834303627407,0.8,None,None,None,None,None
91,"Title 91",no,0.32301656963725933,0.6769834303627407,0.8,None,None,None,None,None
103,"Title 103",no,0.32401656963725933,0.6759834303627407,0.8,None,None,None,None,None
105,"Title 105",no,0.32401656963725933,0.6759834303627407,0.8,None,None,None,None,None
110,"Title 110",no,0.32401656963725933,0.6759834303627407,0.8,None,None,None,None,None
107,"Title 107",no,0.32401656963725933,0.6759834303627407,0.8,None,None,None,None,None
93,"Title 93",no,0.32301656963725933,0.6769834303627407,0.8,None,None,None,None,None
81,"Title 81",no,0.32201656963725933,0.6779834303627407,0.8,None,None,None,None,None
90,"Title 90",no,0.32201656963725933,0.6779834303627407,0.8,None,None,None,None,None
96,"Title 96",no,0.32301656963725933,0.6769834303627407,0.8,None,None,None,None,None
102,"Title 102",no,0.32401656963725933,0.6759834303627407,0.8,None,None,None,None,None
95,"Title 95",no,0.32301656963725933,0.6769834303627407,0.8,None,None,None,None,None
109,"Title 109",no,0.32401656963725933,0.6759834303627407,0.8,None,None,None,None,None
83,"Title 83",no,0.32201656963725933,0.6779834303627407,0.8,None,None,None,None,None
86,"Title 86",no,0.32201656963725933,0.6779834303627407,0.8,None,None,None,None,None
108,"Title 108",no,0.32401656963725933,0.6759834303627407,0.8,None,None,None,None,None
87,"Title 87",no,0.32201656963725933,0.6779834303627407,0.8,None,None,None,None,None
99,"Title 99",no,0.32301656963725933,0.6769834303627407,0.8,None,None,None,None,None
101,"Title 101",no,0.32401656963725933,0.6759834303627407,0.8,None,None,None,None,None
84,"Title 84",no,0.32201656963725933,0.6779834303627407,0.8,None,None,None,None,None
104,"Title 104",no,0.32401656963725933,0.6759834303627407,0.8,None,None,None,None,None
89,"Title 89",no,0.32201656963725933,0.6779834303627407,0.8,None,None,None,None,None
130,"Title 130",no,0.32501656963725933,0.6749834303627407,0.8,296797390709481216,7087450401950873600,6913628628217614336,7384973533960578496,6635094868609661952
127,"Title 127",no,0.32501656963725933,0.6749834303627407,0.8,None,None,None,None,None
125,"Title 125",no,0.32501656963725933,0.6749834303627407,0.8,None,None,None,None,None
121,"Title 121",no,0.32501656963725933,0.6749834303627407,0.8,None,None,None,None,None
122,"Title 122",no,0.32501656963725933,0.6749834303627407,0.8,None,None,None,None,None
126,"Title 126",no,0.32501656963725933,0.6749834303627407,0.8,None,None,None,None,None
128,"Title 128",no,0.6749834303627407,0.32501656963725933,0.8,508718231671293440,12286527214538981376,3988108205385893376,11338233068204034048,4321661030007522496
124,"Title 124",no,0.32501656963725933,0.6749834303627407,0.8,None,None,None,None,None
123,"Title 123",no,0.6749834303627407,0.32501656963725933,0.8,525367025546955072,13477294399218255872,3635744575175431680,12355153918871894016,3965956257748832512
129,"Title 129",no,0.32501656963725933,0.6749834303627407,0.8,None,None,None,None,None
111,"Title 111",no,0.32401656963725933,0.6759834303627407,0.8,297044941977259968,7401273180105410880,6620482558556517376,7712239234042235840,6353537346677653504
119,"Title 119",no,0.6759834303627407,0.32401656963725933,0.8,455344930078725248,9229967494812794880,5308794427232578368,8640574561730020352,5670919179035381248
113,"Title 113",no,0.6759834303627407,0.32401656963725933,0.8,465445438378270912,9530572555644680192,5141349033744958720,8902471595267934208,5504089451523294976
118,"Title 118",no,0.6759834303627407,0.32401656963725933,0.8,523382073211623552,12147443516155355136,4033770557140933312,11149034488210706432,4394999410201299712
120,"Title 120",no,0.6759834303627407,0.32401656963725933,0.8,553757609621154496,14894563631532220416,3289790907084084032,13430659920283152384,3648368754092237568
100,"Title 100",no,0.32201656963725933,0.6779834303627407,0.8,196452154896841600,8946413352104257280,5477055225541850112,9198308793000606912,5327066214311726080
97,"Title 97",no,0.6779834303627407,0.32201656963725933,0.8,503992513422776640,9343330684956381184,5244382506860695808,8641278821149504512,5670457002275248000
92,"Title 92",no,0.6779834303627407,0.32201656963725933,0.8,504908489103462336,9376503004007161856,5225828859550224128,8669377901608602624,5652077987153847424
98,"Title 98",no,0.6779834303627407,0.32201656963725933,0.8,545754079374863872,11355118591576872960,4315234544212314624,10309243088661403648,4753016257216064768
94,"Title 94",no,0.6779834303627407,0.32201656963725933,0.8,545748140767885696,11356391519251191808,4314750853467486528,10310327719189071872,4752516247257944256
112,"Title 112",no,0.32401656963725933,0.6759834303627407,0.8,None,None,None,None,None
106,"Title 106",no,0.32301656963725933,0.6769834303627407,0.8,None,None,None,None,None
114,"Title 114",no,0.32401656963725933,0.6759834303627407,0.8,None,None,None,None,None
91,"Title 91",no,0.32201656963725933,0.6779834303627407,0.8,None,None,None,None,None
103,"Title 103",no,0.32301656963725933,0.6769834303627407,0.8,None,None,None,None,None
105,"Title 105",no,0.32301656963725933,0.6769834303627407,0.8,None,None,None,None,None
110,"Title 110",no,0.32301656963725933,0.6769834303627407,0.8,None,None,None,None,None
107,"Title 107",no,0.32301656963725933,0.6769834303627407,0.8,None,None,None,None,None
93,"Title 93",no,0.32201656963725933,0.6779834303627407,0.8,None,None,None,None,None
96,"Title 96",no,0.32201656963725933,0.6779834303627407,0.8,None,None,None,None,None
102,"Title 102",no,0.32301656963725933,0.6769834303627407,0.8,None,None,None,None,None
95,"Title 95",no,0.32201656963725933,0.6779834303627407,0.8,None,None,None,None,None
109,"Title 109",no,0.32301656963725933,0.6769834303627407,0.8,None,None,None,None,None
108,"Title 108",no,0.32301656963725933,0.6769834303627407,0.8,None,None,None,None,None
115,"Title 115",no,0.32401656963725933,0.6759834303627407,0.8,None,None,None,None,None
116,"Title 116",no,0.32401656963725933,0.6759834303627407,0.8,None,None,None,None,None
99,"Title 99",no,0.32201656963725933,0.6779834303627407,0.8,None,None,None,None,None
101,"Title 101",no,0.32301656963725933,0.6769834303627407,0.8,None,None,None,None,None
104,"Title 104",no,0.32301656963725933,0.6769834303627407,0.8,None,None,None,None,None
117,"Title 117",no,0.32401656963725933,0.6759834303627407,0.8,None,None,None,None,None
136,"Title 136",no,0.32501656963725933,0.6749834303627407,0.8,None,None,None,None,None
139,"Title 139",no,0.32501656963725933,0.6749834303627407,0.8,None,None,None,None,None
131,"Title 131",no,0.32501656963725933,0.6749834303627407,0.8,None,None,None,None,None
137,"Title 137",no,0.6749834303627407,0.32501656963725933,0.8,528221965814412544,13780831210770843648,3555663606249128448,12613922139191943168,3884596674951331008
135,"Title 135",no,0.32501656963725933,0.6749834303627407,0.8,None,None,None,None,None
134,"Title 134",no,0.6749834303627407,0.32501656963725933,0.8,538788573102651328,14819200625850836992,3306521130061743104,13488482989198520320,3632728753799730176
138,"Title 138",no,0.6749834303627407,0.32501656963725933,0.8,540633175005209152,15027388154496901120,3260713005894966272,13662747034191409152,3586394440106086976
132,"Title 132",no,0.6749834303627407,0.32501656963725933,0.8,543615382563203136,15381686148510375936,3185606540590178304,13958421244303314944,3510425652184539968
140,"Title 140",no,0.6749834303627407,0.32501656963725933,0.8,549143479733772672,16107854147524327424,3041994268835056128,14560993152874414080,3365155074626701824
133,"Title 133",no,0.32501656963725933,0.6749834303627407,0.8,None,None,None,None,None
130,"Title 130",no,0.32401656963725933,0.6759834303627407,0.8,298004099176861376,7384973533960578496,6635094868609661952,7696246788996648448,6366739703572846592
128,"Title 128",no,0.6759834303627407,0.32401656963725933,0.8,509015254383864448,11338233068204034048,4321661030007522496,10462658320376338432,4683322201640766912
123,"Title 123",no,0.6759834303627407,0.32401656963725933,0.8,525606498930180288,12355153918871894016,3965956257748832512,11326014749984110592,4326323166766910784
111,"Title 111",no,0.32301656963725933,0.6769834303627407,0.8,298336903633848576,7712239234042235840,6353537346677653504,8037679928198168576,6096286545088202752
119,"Title 119",no,0.6769834303627407,0.32301656963725933,0.8,455932053252377728,8640574561730020352,5670919179035381248,8088152215646332928,6058244045557241152
113,"Title 113",no,0.6769834303627407,0.32301656963725933,0.8,465986837622109568,8902471595267934208,5504089451523294976,8315127452054125568,5892874196161033088
118,"Title 118",no,0.6769834303627407,0.32301656963725933,0.8,523656771019380672,11149034488210706432,4394999410201299712,10232244174719862784,4788783297515622784
120,"Title 120",no,0.6769834303627407,0.32301656963725933,0.8,553891582504553728,13430659920283152384,3648368754092237568,12110347188093468672,4046126773985087168
112,"Title 112",no,0.32301656963725933,0.6769834303627407,0.8,None,None,None,None,None
106,"Title 106",no,0.32201656963725933,0.6779834303627407,0.8,None,None,None,None,None
114,"Title 114",no,0.32301656963725933,0.6769834303627407,0.8,None,None,None,None,None
127,"Title 127",no,0.32401656963725933,0.6759834303627407,0.8,None,None,None,None,None
103,"Title 103",no,0.32201656963725933,0.6779834303627407,0.8,None,None,None,None,None
125,"Title 125",no,0.32401656963725933,0.6759834303627407,0.8,None,None,None,None,None
105,"Title 105",no,0.32201656963725933,0.6779834303627407,0.8,None,None,None,None,None
110,"Title 110",no,0.32201656963725933,0.6779834303627407,0.8,None,None,None,None,None
107,"Title 107",no,0.32201656963725933,0.6779834303627407,0.8,None,None,None,None,None
121,"Title 121",no,0.32401656963725933,0.6759834303627407,0.8,None,None,None,None,None
122,"Title 122",no,0.32401656963725933,0.6759834303627407,0.8,None,None,None,None,None
126,"Title 126",no,0.32401656963725933,0.6759834303627407,0.8,None,None,None,None,None
124,"Title 124",no,0.32401656963725933,0.6759834303627407,0.8,None,None,None,None,None
102,"Title 102",no,0.32201656963725933,0.6779834303627407,0.8,None,None,None,None,None
129,"Title 129",no,0.32401656963725933,0.6759834303627407,0.8,None,None,None,None,None
109,"Title 109",no,0.32201656963725933,0.6779834303627407,0.8,None,None,None,None,None
108,"Title 108",no,0.32201656963725933,0.6779834303627407,0.8,None,None,None,None,None
115,"Title 115",no,0.32301656963725933,0.6769834303627407,0.8,None,None,None,None,None
116,"Title 116",no,0.32301656963725933,0.6769834303627407,0.8,None,None,None,None,None
101,"Title 101",no,0.32201656963725933,0.6779834303627407,0.8,None,None,None,None,None
104,"Title 104",no,0.32201656963725933,0.6779834303627407,0.8,None,None,None,None,None
117,"Title 117",no,0.32301656963725933,0.6769834303627407,0.8,None,None,None,None,None
142,"Title 142",no,0.6749834303627407,0.32501656963725933,0.8,452540629167658624,9851122380846798848,4974052509515973632,9225845059370037248,5311166585247837312
147,"Title 147",no,0.32501656963725933,0.6749834303627407,0.8,None,None,None,None,None
144,"Title 144",no,0.32501656963725933,0.6749834303627407,0.8,None,None,None,None,None
141,"Title 141",no,0.6749834303627407,0.32501656963725933,0.8,503003564915713856,12032523120864309248,4072296351131405312,11122333350502473728,4405550387301268928
145,"Title 145",no,0.32501656963725933,0.6749834303627407,0.8,None,None,None,None,None
148,"Title 148",no,0.32501656963725933,0.6749834303627407,0.8,None,None,None,None,None
150,"Title 150",no,0.6749834303627407,0.32501656963725933,0.8,532322866379054464,14239625104033593344,3441101829718817280,13003286346264690688,3768278164087010624
146,"Title 146",no,0.32501656963725933,0.6749834303627407,0.8,None,None,None,None,None
149,"Title 149",no,0.6749834303627407,0.32501656963725933,0.8,533880896703812288,14397375858968385536,3403397985854277632,13136235806765076480,3730140104120643328
143,"Title 143",no,0.6749834303627407,0.32501656963725933,0.8,539023948456985856,14945226534523643904,3278638827374709760,13596045331188692992,3603989160553641536
137,"Title 137",no,0.6759834303627407,0.32401656963725933,0.8,528408951124798720,12613922139191943168,3884596674951331008,11545476478300008448,4244086425718041728
134,"Title 134",no,0.6759834303627407,0.32401656963725933,0.8,538946161444443328,13488482989198520320,3632728753799730176,12276937167706716160,3991223489266501248
138,"Title 138",no,0.6759834303627407,0.32401656963725933,0.8,540782690286051392,13662747034191409152,3586394440106086976,12421717377033363456,3944704142971130944
132,"Title 132",no,0.6759834303627407,0.32401656963725933,0.8,543751459222903104,13958421244303314944,3510425652184539968,12666557427750457344,3868454414665868160
140,"Title 140",no,0.6759834303627407,0.32401656963725933,0.8,549254101443175808,14560993152874414080,3365155074626701824,13162424874574190592,3722718303574375680
130,"Title 130",no,0.32301656963725933,0.6769834303627407,0.8,299280358168169536,7696246788996648448,6366739703572846592,8022029344948545856,6108180099198363648
128,"Title 128",no,0.6769834303627407,0.32301656963725933,0.8,509338372041449344,10462658320376338432,4683322201640766912,9654225009809059840,5075498028087612800
123,"Title 123",no,0.6769834303627407,0.32301656963725933,0.8,525852832074572416,11326014749984110592,4326323166766910784,10382193812262152192,4719619079170657280
111,"Title 111",no,0.32201656963725933,0.6779834303627407,0.8,299617720948975424,8037679928198168576,6096286545088202752,8378309690014730880,5848435043932334080
119,"Title 119",no,0.6779834303627407,0.32201656963725933,0.8,456506344566249344,8088152215646332928,6058244045557241152,7570438522964114432,6472544470358454592
113,"Title 113",no,0.6779834303627407,0.32201656963725933,0.8,466515307506865408,8315127452054125568,5892874196161033088,7765952511663468544,6309593050744033472
118,"Title 118",no,0.6779834303627407,0.32201656963725933,0.8,523918002130273728,10232244174719862784,4788783297515622784,9390456746840549376,5218063542701075328
120,"Title 120",no,0.6779834303627407,0.32201656963725933,0.8,554011816783647872,12110347188093468672,4046126773985087168,10919595932027172864,4487345530458962112
112,"Title 112",no,0.32201656963725933,0.6779834303627407,0.8,None,None,None,None,None
114,"Title 114",no,0.32201656963725933,0.6779834303627407,0.8,None,None,None,None,None
127,"Title 127",no,0.32301656963725933,0.6769834303627407,0.8,None,None,None,None,None
125,"Title 125",no,0.32301656963725933,0.6769834303627407,0.8,None,None,None,None,None
136,"Title 136",no,0.32401656963725933,0.6759834303627407,0.8,None,None,None,None,None
121,"Title 121",no,0.32301656963725933,0.6769834303627407,0.8,None,None,None,None,None
122,"Title 122",no,0.32301656963725933,0.6769834303627407,0.8,None,None,None,None,None
126,"Title 126",no,0.32301656963725933,0.6769834303627407,0.8,None,None,None,None,None
139,"Title 139",no,0.32401656963725933,0.6759834303627407,0.8,None,None,None,None,None
131,"Title 131",no,0.32401656963725933,0.6759834303627407,0.8,None,None,None,None,None
124,"Title 124",no,0.32301656963725933,0.6769834303627407,0.8,None,None,None,None,None
129,"Title 129",no,0.32301656963725933,0.6769834303627407,0.8,None,None,None,None,None
135,"Title 135",no,0.32401656963725933,0.6759834303627407,0.8,None,None,None,None,None
115,"Title 115",no,0.32201656963725933,0.6779834303627407,0.8,None,None,None,None,None
116,"Title 116",no,0.32201656963725933,0.6779834303627407,0.8,None,None,None,None,None
133,"Title 133",no,0.32401656963725933,0.6759834303627407,0.8,None,None,None,None,None
117,"Title 117",no,0.32201656963725933,0.6779834303627407,0.8,None,None,None,None,None
159,"Title 159",no,0.6749834303627407,0.32501656963725933,0.8,352948495462377216,7671136858131465216,6387579951472200704,7304965552162642944,6707766059963621376
154,"Title 154",no,0.32501656963725933,0.6749834303627407,0.8,216474191809947680,7961385257369954304,6154707807242474496,8207149332127438560,5970404341028156416
158,"Title 158",no,0.32501656963725933,0.6749834303627407,0.8,None,None,None,None,None
153,"Title 153",no,0.32501656963725933,0.6749834303627407,0.8,None,None,None,None,None
157,"Title 157",no,0.6749834303627407,0.32501656963725933,0.8,516746870408128512,12986170187237163008,3773244866924453376,11941443566487363584,4103356493474062400
155,"Title 155",no,0.32501656963725933,0.6749834303627407,0.8,None,None,None,None,None
156,"Title 156",no,0.32501656963725933,0.6749834303627407,0.8,None,None,None,None,None
152,"Title 152",no,0.6749834303627407,0.32501656963725933,0.8,544643635158565376,15718020553524785152,3117440891054929408,14242072698392461312,3440510453617524096
160,"Title 160",no,0.6749834303627407,0.32501656963725933,0.8,544944291161714368,15760241558475399168,3109089401846713856,14277176952757250048,3432051039371405888
151,"Title 151",no,0.6749834303627407,0.32501656963725933,0.8,546466958429956672,15967659292525522944,3068702751125016064,14449207493870123008,3391189449026015552
142,"Title 142",no,0.6759834303627407,0.32401656963725933,0.8,453046966669553216,9225845059370037248,5311166585247837312,8639642205258778624,5671531162502848512
141,"Title 141",no,0.6759834303627407,0.32401656963725933,0.8,503306319024266368,11122333350502473728,4405550387301268928,10280526026849230848,4766293074112034176
150,"Title 150",no,0.6759834303627407,0.32401656963725933,0.8,532525962540591616,13003286346264690688,3768278164087010624,11873897920290648064,4126698774819902400
149,"Title 149",no,0.6759834303627407,0.32401656963725933,0.8,534096635498009280,13136235806765076480,3730140104120643328,11985141249585977344,4088395704280305728
143,"Title 143",no,0.6759834303627407,0.32401656963725933,0.8,539216394685592768,13596045331188692992,3603989160553641536,12368262903032989696,3961752784862297664
137,"Title 137",no,0.6769834303627407,0.32301656963725933,0.8,528654614841739136,11545476478300008448,4244086425718041728,10567115969285939200,4637026804893779136
134,"Title 134",no,0.6769834303627407,0.32301656963725933,0.8,539143446993559104,12276937167706716160,3991223489266501248,11173845923534340096,4385240349233405824
138,"Title 138",no,0.6769834303627407,0.32301656963725933,0.8,540972020552901760,12421717377033363456,3944704142971130944,11293055158915123200,4338949851078848832
132,"Title 132",no,0.6769834303627407,0.32301656963725933,0.8,543927570250349504,12666557427750457344,3868454414665868160,11493912175733379072,4263126362097290752
140,"Title 140",no,0.6769834303627407,0.32301656963725933,0.8,549405204263165504,13162424874574190592,3722718303574375680,11897873243109947392,4118383092404843840
130,"Title 130",no,0.32201656963725933,0.6779834303627407,0.8,300563752712606272,8022029344948545856,6108180099198363648,8363058474666466880,5859100489184872448
128,"Title 128",no,0.6779834303627407,0.32201656963725933,0.8,509679233013503424,9654225009809059840,5075498028087612800,8907797461222512640,5500798622028301504
123,"Title 123",no,0.6779834303627407,0.32201656963725933,0.8,526117735213750144,10382193812262152192,4719619079170657280,9516623982590197760,5148884739970924544
127,"Title 127",no,0.32201656963725933,0.6779834303627407,0.8,None,None,None,None,None
147,"Title 147",no,0.32401656963725933,0.6759834303627407,0.8,None,None,None,None,None
144,"Title 144",no,0.32401656963725933,0.6759834303627407,0.8,None,None,None,None,None
125,"Title 125",no,0.32201656963725933,0.6779834303627407,0.8,None,None,None,None,None
136,"Title 136",no,0.32301656963725933,0.6769834303627407,0.8,None,None,None,None,None
121,"Title 121",no,0.32201656963725933,0.6779834303627407,0.8,None,None,None,None,None
122,"Title 122",no,0.32201656963725933,0.6779834303627407,0.8,None,None,None,None,None
126,"Title 126",no,0.32201656963725933,0.6779834303627407,0.8,None,None,None,None,None
145,"Title 145",no,0.32401656963725933,0.6759834303627407,0.8,None,None,None,None,None
139,"Title 139",no,0.32301656963725933,0.6769834303627407,0.8,None,None,None,None,None
131,"Title 131",no,0.32301656963725933,0.6769834303627407,0.8,None,None,None,None,None
124,"Title 124",no,0.32201656963725933,0.6779834303627407,0.8,None,None,None,None,None
148,"Title 148",no,0.32401656963725933,0.6759834303627407,0.8,None,None,None,None,None
146,"Title 146",no,0.32401656963725933,0.6759834303627407,0.8,None,None,None,None,None
129,"Title 129",no,0.32201656963725933,0.6779834303627407,0.8,None,None,None,None,None
135,"Title 135",no,0.32301656963725933,0.6769834303627407,0.8,None,None,None,None,None
133,"Title 133",no,0.32301656963725933,0.6769834303627407,0.8,None,None,None,None,None
166,"Title 166",no,0.32501656963725933,0.6749834303627407,0.8,279379823539297088,7267540224288700416,6742308743780746240,7554899390743414496,6485857384154828800
170,"Title 170",no,0.32501656963725933,0.6749834303627407,0.8,254763950139964832,7543730464011589632,6495460068962072576,7816298750398138144,6268951784564797440
161,"Title 161",no,0.6749834303627407,0.32501656963725933,0.8,419635743645878848,8967667682740025344,5464074019414188032,8450666762698712064,5798359037926601152
168,"Title 168",no,0.32501656963725933,0.6749834303627407,0.8,None,None,None,None,None
164,"Title 164",no,0.32501656963725933,0.6749834303627407,0.8,None,None,None,None,None
165,"Title 165",no,0.6749834303627407,0.32501656963725933,0.8,529989827995739136,14163356610676645888,3459631875897464832,12942218107019892736,3786058896150287808
167,"Title 167",no,0.6749834303627407,0.32501656963725933,0.8,535414937230010176,14715601305858682880,3329799372893567488,13407026376810393600,3654799999853313984
163,"Title 163",no,0.6749834303627407,0.32501656963725933,0.8,540271169716176640,15269176675476613120,3209079378765555200,13870334179215032320,3532719498094534400
162,"Title 162",no,0.32501656963725933,0.6749834303627407,0.8,None,None,None,None,None
169,"Title 169",no,0.32501656963725933,0.6749834303627407,0.8,None,None,None,None,None
159,"Title 159",no,0.6759834303627407,0.32401656963725933,0.8,353935755646832896,7304965552162642944,6707766059963621376,6955344262035572736,7044942443389495360
154,"Title 154",no,0.32401656963725933,0.6759834303627407,0.8,218063849432810304,8207149332127438560,5970404341028156416,8462360480537713280,5790346572057923584
157,"Title 157",no,0.6759834303627407,0.32401656963725933,0.8,517008237855946752,11941443566487363584,4103356493474062400,10980317539013502976,4462530325366370688
152,"Title 152",no,0.6759834303627407,0.32401656963725933,0.8,544812904247803840,14242072698392461312,3440510453617524096,12904342167745286144,3797171476317226112
160,"Title 160",no,0.6759834303627407,0.32401656963725933,0.8,545112747058491392,14277176952757250048,3432051039371405888,12933294942523981824,3788671039959865280
151,"Title 151",no,0.6759834303627407,0.32401656963725933,0.8,546628937807438720,14449207493870123008,3391189449026015552,13074785012667248640,3747671564199893952
142,"Title 142",no,0.6769834303627407,0.32301656963725933,0.8,453642449069383552,8639642205258778624,5671531162502848512,8090010572175313920,6056852406167429824
141,"Title 141",no,0.6769834303627407,0.32301656963725933,0.8,503672239480821952,10280526026849230848,4766293074112034176,9501909058222727168,5156858448102758272
150,"Title 150",no,0.6769834303627407,0.32301656963725933,0.8,532757526781256960,11873897920290648064,4126698774819902400,10842191997959016448,4519381321528339200
149,"Title 149",no,0.6769834303627407,0.32301656963725933,0.8,534321491674771328,11985141249585977344,4088395704280305728,10934510758497878016,4481224728039991040
143,"Title 143",no,0.6769834303627407,0.32301656963725933,0.8,539418109682256704,12368262903032989696,3961752784862297664,11250974525234911232,4355178290564737920
137,"Title 137",no,0.6779834303627407,0.32201656963725933,0.8,528909168451718784,10567115969285939200,4637026804893779136,9671266842679148544,5066554443908400896
134,"Title 134",no,0.6779834303627407,0.32201656963725933,0.8,539349951267092096,11173845923534340096,4385240349233405824,10169518203325898752,4818320693302339072
138,"Title 138",no,0.6779834303627407,0.32201656963725933,0.8,541170611448470720,11293055158915123200,4338949851078848832,10266603012198787072,4772756864347258368
132,"Title 132",no,0.6779834303627407,0.32201656963725933,0.8,544113020946415808,11493912175733379072,4263126362097290752,10429498941228642304,4698212280006960448
140,"Title 140",no,0.6779834303627407,0.32201656963725933,0.8,549565808935779200,11897873243109947392,4118383092404843840,10754508652530231296,4556228609149120448
147,"Title 147",no,0.32301656963725933,0.6769834303627407,0.8,None,None,None,None,None
144,"Title 144",no,0.32301656963725933,0.6769834303627407,0.8,None,None,None,None,None
158,"Title 158",no,0.32401656963725933,0.6759834303627407,0.8,None,None,None,None,None
136,"Title 136",no,0.32201656963725933,0.6779834303627407,0.8,None,None,None,None,None
153,"Title 153",no,0.32401656963725933,0.6759834303627407,0.8,None,None,None,None,None
145,"Title 145",no,0.32301656963725933,0.6769834303627407,0.8,None,None,None,None,None
139,"Title 139",no,0.32201656963725933,0.6779834303627407,0.8,None,None,None,None,None
131,"Title 131",no,0.32201656963725933,0.6779834303627407,0.8,None,None,None,None,None
155,"Title 155",no,0.32401656963725933,0.6759834303627407,0.8,None,None,None,None,None
148,"Title 148",no,0.32301656963725933,0.6769834303627407,0.8,None,None,None,None,None
146,"Title 146",no,0.32301656963725933,0.6769834303627407,0.8,None,None,None,None,None
135,"Title 135",no,0.32201656963725933,0.6779834303627407,0.8,None,None,None,None,None
156,"Title 156",no,0.32401656963725933,0.6759834303627407,0.8,None,None,None,None,None
133,"Title 133",no,0.32201656963725933,0.6779834303627407,0.8,None,None,None,None,None
173,"Title 173",no,0.32501656963725933,0.6749834303627407,0.8,212730115480725344,7994560981048842240,6129167081989218304,8237211967639698240,5948614675997043712
177,"Title 177",no,0.32501656963725933,0.6749834303627407,0.8,None,None,None,None,None
178,"Title 178",no,0.32501656963725933,0.6749834303627407,0.8,None,None,None,None,None
174,"Title 174",no,0.32501656963725933,0.6749834303627407,0.8,None,None,None,None,None
171,"Title 171",no,0.32501656963725933,0.6749834303627407,0.8,None,None,None,None,None
179,"Title 179",no,0.6749834303627407,0.32501656963725933,0.8,483853061837172800,11145393978585733120,4396434984186869248,10358490929905666048,4730418777365887360
175,"Title 175",no,0.6749834303627407,0.32501656963725933,0.8,510594201626150144,12656241851892482048,3871607430816680448,11662037257156685824,4201667248998881856
172,"Title 172",no,0.32501656963725933,0.6749834303627407,0.8,None,None,None,None,None
176,"Title 176",no,0.32501656963725933,0.6749834303627407,0.8,None,None,None,None,None
180,"Title 180",no,0.32501656963725933,0.6749834303627407,0.8,None,None,None,None,None
166,"Title 166",no,0.32401656963725933,0.6759834303627407,0.8,280707407418644064,7554899390743414496,6485857384154828800,7855040256301418592,6238032957334818816
170,"Title 170",no,0.32401656963725933,0.6759834303627407,0.8,256198313976230720,7816298750398138144,6268951784564797440,8100305462929005376,6049154593520970752
161,"Title 161",no,0.6759834303627407,0.32401656963725933,0.8,420335517994455232,8450666762698712064,5798359037926601152,7962706280785418240,6153686733145051904